{
    "calc_job":"band",
    "fermi_level":-3.5,
    "k_data":["20 0.0 0.0 0.0 0.0 0.50 0.0 G M","20 0.0 0.50 0.0 0.33333 0.66667 0.0 M K","20 0.33333 0.66667 0.0 0.0 0.0 0.0 K G"],
    "which_k":0,
    "num_band":300,
    "max_iter":1000
}